0.5119927922752606,0.10313284543071885,-0.007795847829163564,0.020719151748834173,0.030084439425345184,0.004901551669658031,0.08174524914634623,-0.05185634067101354,-0.030192647024075266,0.0616390858943051,0.13036807331552863,-0.048780104025650375,0.08695312156576979,-0.013509925167723657,0.06363526545556447,0.0876950266083791,-0.013565692147431654,-0.17132435855015005,0.0597354239403408,0.021410702836180778,0.085675586514304,0.06384282678508353,0.11614443812943759,0.1230838139689653,-0.15041299888230164,-0.028160042546128063,0.06549896990379833,-0.03819974796856185,0.26345666173135124,-0.0672287468552121,-0.09518331386869577,-0.051907975730938714,0.0032778481536657657,0.023611492575468955,-0.14551208857992667,0.11976606262004058,0.05669742823720378,0.018992690752422284,0.013884987236557789,-0.03392679441608193,0.05689984871578561,0.022423998783949038,0.23228118675422582,0.025441048560531407,-0.031089322054733783,0.07448696907546636,-0.006897474172672275,-0.06830628137912292,0.05136770097111048,-0.03376788553082953
0.10313284543071427,0.5656415900605682,-0.03410481170375463,-0.05290686375165344,0.0787148357901692,-0.013064122590038762,0.24924574484268378,-0.10529457394274638,-0.05833804672398406,-0.09028023171319385,0.2670507451232765,-0.06295060798148351,0.18132618100725897,0.10345571193582301,0.01659651598647175,0.2428629799838508,-0.1550169681354196,-0.4931409860230589,0.09835817411298861,-0.024884856439111022,0.09261841924713426,0.06974834835695913,0.18284780328013134,0.14594322112759278,-0.1574250979680359,-0.04349308815332004,-0.0007886423314974519,-0.11002029190633109,0.6848090378692147,-0.19127339961484285,-0.27318915025787277,-0.036497931912831,-0.0220669685123669,0.10259835222248745,-0.2392424638105759,0.30628647555170074,0.15585732378355543,0.031635407712399734,0.06063665581436236,0.03245503602572866,-0.05507337221618146,0.09958654080012909,0.44689821609622143,0.11398666106590902,-0.05771977350910387,0.2336232784476841,-0.08830663361083989,-0.005138351944549566,0.18715785162259538,-0.053004177895088204
-0.007795847829137835,-0.03410481170373292,0.47241292713455196,0.06833199048840582,-0.1554504013177345,0.04406195619469682,-0.27934780280546084,0.17056949219042294,0.05499422344381844,0.09123452762646106,-0.4037925611789021,0.0960121052240489,-0.24616533233622873,-0.15242374825472896,-0.05065174342390526,-0.38377551795620696,0.1445392387777358,0.7727153949146384,-0.09873200293758738,0.028964860450414895,-0.3192238265116425,-0.15235370688900635,-0.14649284823395717,-0.14767271419336245,0.34978686527904557,0.13455382372201546,-0.055249823186772885,0.09190584821790516,-0.862296188349892,0.3214634855780018,0.44343462819661084,0.11595633092898515,0.033153269692841485,-0.17856413627023832,0.4539061589100117,-0.3809110314360569,-0.19125773029291693,0.003113894961943555,-0.027843071905496918,-0.003226785093107505,0.09737706971336402,-0.12768846011270465,-0.6067266109108257,-0.14198964240619674,0.053160421465238986,-0.19253270274821638,0.21116294728330876,0.12313164822485992,-0.23534267753257793,0.15750356171521457
0.020719151748824556,-0.052906863751683936,0.06833199048842385,0.49269794045825926,0.012333724249102979,-0.011614253950304975,-0.11003742088230754,0.027610180390975653,0.05619157460726064,0.08323331322384392,-0.09786426652753273,0.027032836862617704,-0.06539949541612423,-0.0011093818440604357,0.0666456674436403,-0.1643429864170222,0.03937583542925756,0.2686644771741332,-0.06627242671799753,0.0850627501293436,-0.10906157889499259,-0.05138801434830628,-0.04067200273043705,-0.042323716204208606,0.1653470295126951,0.03528255906561508,-0.00021283972725090982,0.06003417255473742,-0.276215844958297,0.035295551885522664,0.09389370813661502,0.012357810691386851,-0.02521991664651289,-0.033303322376055475,0.19104596196518,-0.08583221525547959,-0.035832982005540734,0.02593849563892543,-0.025089423674358846,-0.013108735443937897,0.05148486905565968,-0.008208415611213321,-0.16884694068457418,-0.04923128692707063,0.028165550857664156,-0.016258724598747585,0.011535709424896689,-0.033540739007728984,-0.05343403675951713,0.0724450586464665
0.03008443942533463,0.07871483579017806,-0.15545040131779148,0.012333724249171618,0.8231721074075933,-0.1522822800689177,0.6973559404728731,-0.3905851725574801,-0.28637951080271296,-0.10809187510086452,0.9343413226598356,-0.2207220950981405,0.6803069740288117,0.4049002361689167,0.10452397515369802,0.8674500854819917,-0.3679703589546315,-1.7990764779692332,0.299557913901441,-0.03593137665856866,0.6137015288636918,0.30697757531044745,0.39961167441193723,0.41585132934718655,-0.6952610302212046,-0.2541245823416234,0.19445293113284268,-0.2163288774655474,2.151413426981015,-0.6357243396344953,-0.9032931285321036,-0.1912309971036736,-0.041599214368055616,0.4247235186611098,-0.9834876872242873,1.0513179640236205,0.5341548771099682,0.11324361678155907,0.01380220042749114,0.01910428030430883,-0.15841078915980236,0.26979772837753524,1.5631048441612223,0.17706682249279232,0.022886008178699513,0.5205420445954466,-0.2072338909340265,-0.41518752500100753,0.4096118566442533,-0.1556650429967124
0.004901551669672108,-0.013064122590030529,0.04406195619470195,-0.011614253950329688,-0.15228228006888664,0.6834626067510323,-0.29101827136751157,0.12883585864772545,0.11021898099634629,0.055012793044959596,-0.3435598545252308,0.05716140917891003,-0.33654265299833447,-0.13637061844992776,-0.011763833627365702,-0.2914539156470146,0.08935086991023161,0.6864779402055466,-0.07344869407252999,0.0756519745521379,-0.15799882210933025,-0.10665834724847141,-0.1954238006099878,-0.08866357365635366,0.28332392328561407,0.14842230382576357,-0.020782106037655367,0.1732021029810276,-0.8847098308573303,0.19079438558454012,0.39579734064506655,0.15680145936200537,0.054714355457749386,-0.16072336612509558,0.3482029750304193,-0.42911810040778897,-0.19076871036613707,-0.04345438872995466,0.08302355560814254,-0.03874519281128993,-0.005376886754157699,-0.1679313800673293,-0.6014477057422936,-0.04418845971632167,0.022474131772212552,-0.1663156629104529,0.143177062460585,0.1678619990029726,-0.1465988247841443,0.05078239277203114
0.08174524914630528,0.2492457448426862,-0.27934780280554317,-0.11003742088220125,0.6973559404728406,-0.2910182713675574,1.6158168459399609,-0.576206210651117,-0.4857785994906197,-0.19587098651795481,1.6573275579742375,-0.1947679810815974,1.1429314265863655,0.5089428383885573,0.15394742495700156,1.4951168989892503,-0.5549875618702093,-2.8802641010795726,0.42764957577697943,-0.23098038722203232,1.1180235474283955,0.6504853630129139,0.7358409753001393,0.544020551691984,-1.2459347155398386,-0.4966229141134352,0.30375180391496365,-0.4961375396982987,3.7553304090248685,-1.0816053918807114,-1.571624773275813,-0.33975920671439097,-0.08779854502702197,0.6771230321701932,-1.6142498023874037,1.907368821469809,0.8288259336127544,0.2095242630011464,0.06909328686284708,-0.07039680242927396,-0.22933667627740337,0.39649078565801266,2.5776365632376197,0.3664600413107215,0.00687262717767434,0.8804611621982523,-0.5718617774805901,-0.6896436634485645,0.7837242799957094,-0.3451410142157269
-0.05185634067101998,-0.10529457394280084,0.170569492190498,0.027610180390930703,-0.3905851725575893,0.12883585864779395,-0.5762062106513189,0.861711107905959,0.30788577993046334,0.09202726223987408,-0.9514659014095722,0.14638182787581402,-0.5182674704796926,-0.32416221556557934,-0.08522644254407724,-0.7624644824424376,0.34291750950105665,1.495065313356409,-0.30326327130944564,0.10791428856094473,-0.5396853368593569,-0.2883491863807062,-0.39109248414496167,-0.27100139064824413,0.6670180798871868,0.30446049523233054,-0.13447864255191827,0.3843627941035236,-2.0349405015901376,0.6348939948044108,0.8579911665678475,0.25694820883953484,-0.005268452689910913,-0.3744871685432649,0.8691988239707132,-0.9698919210172919,-0.43552397125119285,-0.10389076935556864,0.05631223222250924,0.0431984806327198,0.16011314011876562,-0.23493650066694544,-1.3786124497203387,-0.20941802915952024,0.05898214086751705,-0.44848089466838803,0.33418248881677154,0.39493836301883906,-0.43348299579641847,0.18235245702055045
-0.030192647024080112,-0.058338046724020404,0.05499422344388209,0.05619157460722115,-0.28637951080278906,0.11021898099639962,-0.48577859949077007,0.30788577993045135,0.6794498168431657,0.0843561243910476,-0.7363868278191952,0.10960841788612045,-0.5134652791774427,-0.22590223339357024,-0.041824920407478886,-0.5870094310971262,0.2730404804731995,1.3416753532128622,-0.19677970901522296,0.07548081503149248,-0.34568735928164135,-0.2515946944894687,-0.2648858230974003,-0.22328616405536583,0.5544067299061012,0.1915647323610327,-0.12668738915621897,0.3022554386828099,-1.5803588863830582,0.4703612592334845,0.756263748526364,0.10280616333451378,0.0643390397075539,-0.3177482354610919,0.711185943503789,-0.8290516599451805,-0.2944677068344999,-0.10398931302974768,-0.005755411805693597,-0.01243967545998182,0.06417394652568079,-0.13664740589129004,-1.1179368425313456,-0.12026260210053416,-0.003743084576610378,-0.32761890871977994,0.20915084622443558,0.2509232562986323,-0.3116082704983396,0.13409528583803987
0.06163908589430065,-0.09028023171321381,0.09123452762649012,0.08323331322381766,-0.10809187510090101,0.0550127930449799,-0.19587098651801987,0.09202726223985645,0.0843561243910429,0.5782502606941534,-0.43272087398516135,0.0713802640271362,-0.11519088822782299,-0.09817975224446321,-0.06781278652994222,-0.3745506333367008,0.05316952969093471,0.7316990191217713,-0.1034600143546602,0.0673140056006041,-0.16683818346110832,-0.09473254492947482,-0.1713895827055132,-0.1293637283951252,0.3016607030229248,0.1111053699536982,-0.09657846806878626,0.13743851120823972,-0.7898423022317125,0.21262298706897723,0.30794367814640666,0.08424763212765815,0.0949015793497109,-0.0961894388589754,0.33618013945539627,-0.3775316777860519,-0.20200914814635812,-0.016334940897640517,0.05023132905110631,0.027855630568542247,0.022625223312270265,-0.08719189792962918,-0.503721812891311,-0.09728800244900701,-0.028767388464794597,-0.16155653640498047,0.12644565148414438,0.13319321171129714,-0.1530489117906404,0.02371183522020285
0.13036807331545464,0.2670507451232319,-0.4037925611790093,-0.09786426652736316,0.9343413226596811,-0.3435598545252645,1.6573275579740834,-0.9514659014091799,-0.7363868278188951,-0.4327208739850161,3.1274117470958864,-0.3872755385570595,1.6076500659795612,0.8441929217392834,0.20726267074756088,2.2514607178414066,-0.8014247193819506,-4.276662263850542,0.7340166819584142,-0.2068960807104338,1.5664883463203834,0.9856703100042516,1.0045727649502207,0.8478951744370574,-1.8756803713792143,-0.7132767470681555,0.5358136965227813,-0.8824105998030701,5.634781692175105,-1.6403781632259995,-2.402254996220535,-0.45259808027465726,-0.13332321207596068,0.9639281672889504,-2.494934761866456,2.7145803779380184,1.34957130222964,0.3485597911211016,0.02891732794187024,0.044636963789524114,-0.4235552444105919,0.557496570670928,3.817010353173734,0.4442523746984872,0.07342485913464403,1.2989409392983373,-0.7254406342639761,-1.0103776976201477,1.0942499480017562,-0.49744638291392934
-0.04878010402563621,-0.06295060798146859,0.09601210522406128,0.02703283686259047,-0.22072209509809498,0.05716140917890938,-0.19476798108154253,0.146381827875737,0.1096084178860592,0.07138026402710627,-0.38727553855701224,0.49466013677818527,-0.22034737474566352,-0.1364912931841003,-0.026476419039639744,-0.32999633996623123,0.0980936786754871,0.6602436444225134,-0.11016886152475652,0.027665441234657626,-0.21870651190916984,-0.13781043269233736,-0.11416224337468107,-0.17825311643388597,0.3273178776772899,0.04368560161414523,-0.06497480341593903,0.14957326650951672,-0.89447448399845,0.36797179767489,0.3716754795420678,0.09425533740899443,0.08631814856607999,-0.12166863769052684,0.40612563029602156,-0.4450071834822609,-0.20352977897630592,-0.02669286472262524,0.10174579692288646,0.04728517792460187,0.07073955585620804,-0.008565564842414419,-0.619384224320202,-0.05116997068860828,-0.0348004964497825,-0.18135419595489458,0.15365908039552767,0.11352157567896204,-0.14254462144331742,0.13508059681506632
0.08695312156573454,0.18132618100726175,-0.24616533233631432,-0.06539949541602823,0.6803069740287939,-0.33654265299838343,1.1429314265863892,-0.5182674704795165,-0.5134652791773127,-0.11519088822776628,1.607650065979744,-0.22034737474572003,1.416876896248325,0.5042233840132491,0.12467882343632741,1.4146778621151381,-0.5466931445217831,-2.7205421889249215,0.46918367936215744,-0.11932891652141381,0.9785553176580729,0.6231494773642566,0.6524718618882173,0.49519693900330486,-1.1583938628520565,-0.46608080680494635,0.27075730241901697,-0.5223746777870242,3.4721876154037377,-1.0439914305090159,-1.5462526043859948,-0.2545006534262816,-0.1204810032229745,0.6798662123714748,-1.5439504249213212,1.728737529100967,0.8397027465211824,0.20383627156323741,0.0255451598772925,0.05132093422822248,-0.248111581878048,0.45780173664351453,2.319327687716933,0.341409572427909,0.035611638476282126,0.7761272110626587,-0.47240214821437154,-0.6114437953133238,0.7820636190091805,-0.34042597795421553
-0.013509925167732105,0.10345571193584976,-0.15242374825477112,-0.0011093818440232675,0.40490023616896165,-0.13637061844996579,0.5089428383886464,-0.3241622155655456,-0.2259022333935464,-0.09817975224446171,0.8441929217394789,-0.13649129318414313,0.5042233840133188,0.6547974416842732,0.10520946041322671,0.7584500904052647,-0.2518855273621024,-1.290588134109847,0.17609984621068656,-0.09598036942719247,0.5151748367697581,0.3103175354795922,0.35244525790039194,0.24700212032697005,-0.6126556953036576,-0.15334634254232637,0.15365772116130114,-0.2552991701996376,1.756551104781149,-0.462996890203958,-0.7868619623561601,-0.08783038655813982,-0.05279175311777498,0.3289943219807958,-0.8036962676484135,0.8627480595557484,0.376346584141115,0.07575824298431466,0.04021603582864476,-0.004029421550927427,-0.09371336985255033,0.24477687666811657,1.2318993261057916,0.1688023484769081,0.09579659160588627,0.4155937183223506,-0.2135872142594534,-0.3414441061889366,0.3334466012714246,-0.1292095940053994
0.06363526545555664,0.016596515986463084,-0.05065174342390738,0.0666456674436456,0.10452397515367631,-0.011763833627367229,0.15394742495697494,-0.08522644254405373,-0.041824920407457986,-0.06781278652993128,0.20726267074752208,-0.026476419039635525,0.1246788234362983,0.10520946041321702,0.47363356345605523,0.2138593662916445,-0.052047042919613,-0.31172338043315495,0.007426697949461002,-0.017309913356370592,0.07059258719696888,0.07349039883222037,0.12016363713372084,0.08435379142354027,-0.17618874166707948,-0.09211269176896938,0.08781688247360495,-0.130981086597172,0.5583047290748246,-0.12710679017932872,-0.24544849269851868,-0.02713202814744511,-0.02098352744060134,0.08753454875249178,-0.20276559146268475,0.24951756193354857,0.10609931529776849,0.08210671483720464,0.022166089477428964,0.0682684144945698,-0.06486548643316609,0.09047584520489167,0.3412505713524384,0.033567021648989816,-0.042076227320680226,0.057421218327801234,-0.06682221906261016,-0.10547578615427398,0.19450856162629887,0.06025389170205478
0.08769502660834794,0.2428629799838757,-0.3837755179563359,-0.164342986416885,0.8674500854820086,-0.2914539156470945,1.4951168989893502,-0.7624644824422242,-0.5870094310969763,-0.37455063333663513,2.251460717841773,-0.32999633996632943,1.414677862115202,0.7584500904051905,0.21385936629169186,2.386403191697025,-0.7417282484319343,-3.6950012014609124,0.6100910731621172,-0.16807607200916122,1.36532177338625,0.7452154237523537,0.8925466593890028,0.8098001563420482,-1.7453633074971882,-0.6637693484733042,0.4079864358073067,-0.7082186881160759,4.8579579725921045,-1.3312437356974134,-2.113500296439881,-0.4593474779882908,-0.142963496887488,0.9597452960042671,-2.120062276814904,2.4082850808243434,1.1819666202339643,0.2905419603792983,0.04860733410467294,0.04767094865859014,-0.29432535263124593,0.5395448901589287,3.331917020430473,0.4413836785064918,0.07525312134597067,1.0253511022746067,-0.6765591540066388,-0.9340767619729302,0.9749270230258087,-0.4107712005418307
-0.013565692147382104,-0.15501696813535018,0.14453923877774427,0.039375835429177455,-0.3679703589544424,0.08935086991019282,-0.5549875618699461,0.3429175095007947,0.2730404804729926,0.053169529690826334,-0.8014247193816447,0.09809367867545753,-0.5466931445215233,-0.25188552736194014,-0.05204704291961816,-0.7417282484315258,0.7960586027949114,1.4674748843790648,-0.16607899667098544,0.10077660385677688,-0.5101319610341171,-0.263152649300279,-0.393914283471247,-0.27657532459533124,0.5996440364798779,0.23387952188577915,-0.1130486538170059,0.2755602191372041,-1.8462792926750369,0.5219800027229775,0.8103503466403963,0.2194768736422291,0.0873810758964974,-0.420011793285362,0.7996921710068623,-0.8788935651884277,-0.37483736016755165,-0.0357792933612507,0.0649462819864635,-0.04105366528537367,0.15460324333358907,-0.1835617800768261,-1.2419805936298793,-0.15667656947660433,0.05980212020565662,-0.4048213976333047,0.2802095186204783,0.3702828336233255,-0.3224127930656373,0.11786353764028205
-0.17132435855007458,-0.49314098602307754,0.772715394914874,0.26866447717386616,-1.7990764779691988,0.6864779402056856,-2.8802641010796672,1.4950653133559426,1.3416753532125234,0.7316990191216176,-4.2766622638510885,0.6602436444226799,-2.7205421889249486,-1.2905881341096637,-0.3117233804332376,-3.6950012014607747,1.4674748843797931,7.724267367580783,-1.1599537702480351,0.40029507763051725,-2.6394482443753438,-1.542379635419725,-1.7147305480863237,-1.5448747146433426,3.2207368609951796,1.2684945912346268,-0.7299038955477211,1.457134541367564,-9.369684009975085,2.771254703975338,4.15211545881156,0.8030946328802533,0.2417999241431519,-1.7366834976344587,4.242953445642596,-4.607609908079408,-2.198277490092491,-0.5177178546582013,-0.048780337101366644,-0.011931097026517255,0.6583906187060429,-0.9373001237410629,-6.488212511664349,-0.8127547508135189,-0.0941952833409665,-2.1374443634147866,1.2723521189318894,1.734126580768562,-1.979625186953579,0.8146124158780603
0.059735423940331746,0.09835817411301018,-0.09873200293761739,-0.0662724267179643,0.29955791390147135,-0.07344869407255819,0.4276495757770384,-0.3032632713094059,-0.1967797090151963,-0.10346001435466004,0.7340166819585588,-0.11016886152478768,0.46918367936220323,0.17609984621067773,0.007426697949464385,0.6100910731621592,-0.16607899667112125,-1.1599537702481473,0.7585514042736885,0.02324071201728581,0.38705807984697127,0.1979959515134045,0.2779847027439362,0.28219753071469095,-0.49747098064662454,-0.12031812045826937,0.16583472292808918,-0.2793638831807052,1.4338171901385959,-0.4153545401977991,-0.5825614124773154,-0.13179849385172304,-0.03602951385010174,0.24831552910833193,-0.5889892541243054,0.6633778276676265,0.4111191100860483,0.10521463081100568,0.05319251896929801,-0.013465773483747476,-0.1961367536355216,0.13867636874871256,1.0699751588071844,0.21729794486995885,0.019803763849574413,0.3156897366643479,-0.26888584929994314,-0.2779026164980156,0.3436235332325212,-0.08813777297240923
0.021410702836197504,-0.024884856439098903,0.028964860450399834,0.0850627501293382,-0.035931376658524125,0.07565197455212973,-0.23098038722195977,0.10791428856089881,0.07548081503144836,0.06731400560058913,-0.20689608071032206,0.027665441234640764,-0.11932891652133852,-0.0959803694271601,-0.017309913356359362,-0.16807607200905456,0.10077660385674674,0.4002950776303151,0.023240712017305456,0.5638404631497744,-0.07355004808582753,-0.07598296065639226,-0.11157610686054752,-0.07819966181206403,0.1687632907465578,0.1426410696306135,-0.07001239643948015,0.1034453365575535,-0.4997014947116649,0.15057741777741498,0.20549154392860552,-0.025876433827311,0.021531544462157087,-0.10617155452910974,0.2833187346688152,-0.20947948713839493,-0.1587963559305517,-0.020284449544657926,0.008735464055204265,0.0203454739832652,0.026437869365847185,-0.05894418706352656,-0.25732094856772575,-0.0058694842468536845,-0.02438725491214544,-0.18906146708729996,0.06089110691717925,0.06603337346801877,-0.11554897684616128,-0.014976093197512284
0.08567558651425257,0.09261841924711178,-0.31922382651170433,-0.10906157889488877,0.613701528863605,-0.15799882210935023,1.1180235474283082,-0.5396853368591217,-0.3456873592814614,-0.16683818346102333,1.5664883463203925,-0.21870651190919896,0.9785553176579654,0.5151748367696394,0.07059258719698952,1.3653217733860372,-0.5101319610343077,-2.639448244375027,0.3870580798468837,-0.07355004808589205,1.3796351578802495,0.6331132596209527,0.7120299675842796,0.4782775400334539,-1.2181674372309435,-0.44487600458855736,0.2781747095000095,-0.5282978723511323,3.4838014242064514,-1.0241301803199097,-1.4301150313545687,-0.2814634518027114,-0.0644842281751316,0.6758686070741224,-1.5711542289495446,1.7017162739368143,0.830499754222537,0.23639478129330818,0.04821533105337614,-0.0334715159402527,-0.2672034571369785,0.36442732199141203,2.3571082680548145,0.36801016021070526,0.007916986825787842,0.742955927508464,-0.4230358628826966,-0.6375918968503423,0.7244717524625274,-0.25731717364788964
0.06384282678505931,0.06974834835695562,-0.15235370688903543,-0.05138801434825072,0.30697757531041125,-0.1066583472484862,0.6504853630128774,-0.2883491863805848,-0.2515946944893738,-0.09473254492943613,0.9856703100042757,-0.1378104326923573,0.623149477364209,0.3103175354795292,0.07349039883222551,0.7452154237522541,-0.263152649300398,-1.5423796354195802,0.19799595151336397,-0.07598296065642259,0.6331132596209647,0.8607605027045598,0.353256688734615,0.3611416825517928,-0.6570318076604844,-0.20606229581201224,0.09518516788081424,-0.26909184103603784,1.9752623562875657,-0.6338148735687582,-0.9479363179288667,-0.18005469694051954,-0.040268826342419156,0.29223345327352335,-0.8949978627041422,0.9927377068539808,0.4952692077782591,0.19943307542965627,0.01306487338993971,0.0013648300901250455,-0.10379171320645267,0.27185107951163573,1.3857203147821338,0.1673473060669526,0.056269913947105205,0.3953773550613688,-0.2604467030544797,-0.3729905392752207,0.4722711498171816,-0.18893296928928996
0.11614443812945519,0.1828478032802064,-0.1464928482340513,-0.04067200273038493,0.39961167441209633,-0.19542380061007542,0.7358409753004185,-0.39109248414498454,-0.2648858230974356,-0.17138958270554325,1.0045727649507497,-0.11416224337478317,0.6524718618884671,0.35244525790044856,0.12016363713375354,0.8925466593893162,-0.39391428347158264,-1.7147305480869914,0.27798470274399556,-0.1115761068605996,0.7120299675845961,0.3532566887347781,0.9164788237512757,0.30385270055431396,-0.7769442511728747,-0.3358112222872255,0.2186376940077051,-0.35902414250300363,2.246575522264834,-0.6477145625884688,-0.9299447717390236,-0.19011922387157953,-0.059382633261405075,0.45897630914555576,-0.9786042480456137,1.0542341490678235,0.5395381729960524,0.13011469253411084,-0.0010267721752667547,0.0968108329140971,-0.17690010460367422,0.21964402385009488,1.5697999972002827,0.18224177201251254,0.03330471857453626,0.5395853240650004,-0.30815832402824045,-0.4248961279705057,0.46312296907658207,-0.19695075097161235
0.12308381396895429,0.14594322112758945,-0.1476727141933945,-0.04232371620416184,0.4158513293471625,-0.08866357365637202,0.5440205516919693,-0.2710013906481483,-0.22328616405529372,-0.12936372839509647,0.8478951744371027,-0.17825311643390623,0.49519693900328005,0.24700212032692834,0.08435379142355154,0.8098001563419844,-0.2765753245954442,-1.5448747146432575,0.282197530714668,-0.07819966181209842,0.4782775400334836,0.3611416825518028,0.3038527005541776,0.8187355600735976,-0.6202678239934994,-0.24928549981999867,0.15934007065864444,-0.3431824732658134,1.891167434625099,-0.572071452747259,-0.8213594913911474,-0.18606072315285152,0.032211303156029186,0.376114425473165,-0.7992678120135794,0.9403032826386339,0.39716678133758143,0.19987470335487056,-0.012728955231724126,0.06517306227607456,-0.09450002150144074,0.21348313773175298,1.334570764901816,0.13973620484307492,0.013782267195518672,0.4493964126564406,-0.182857528117704,-0.37342167380506275,0.370920724120968,-0.17758981209514382
-0.15041299888226178,-0.15742509796803192,0.3497868652791375,0.16534702951256575,-0.6952610302211509,0.2833239232856578,-1.2459347155398135,0.667018079886937,0.5544067299059185,0.3016607030228396,-1.8756803713793682,0.3273178776773512,-1.1583938628520092,-0.6126556953035417,-0.17618874166711124,-1.7453633074970416,0.5996440364801762,3.2207368609950193,-0.4974709806465432,0.1687632907466391,-1.2181674372310265,-0.6570318076605116,-0.7769442511725274,-0.6202678239935043,1.840979763981943,0.5968525857285939,-0.32448601245732706,0.6537149378182673,-4.054883925445727,1.1852666631909052,1.8751657197561062,0.35696810591180733,0.1879420423915871,-0.7247523813102054,1.8734770151812246,-2.0875074997138845,-0.951726911519795,-0.2896228855834046,0.024512257475606064,-0.02264510015724775,0.35621507062238467,-0.411378247283809,-2.8511837214656475,-0.3619406623242665,-0.03721834046219075,-0.8854861452099627,0.641954592222811,0.7278423840255547,-0.8422499296946369,0.3246614175551715
-0.028160042546101566,-0.04349308815331329,0.13455382372205033,0.0352825590655712,-0.2541245823415952,0.14842230382578128,-0.4966229141134184,0.3044604952322394,0.19156473236096055,0.11110536995366342,-0.7132767470681898,0.04368560161416449,-0.4660808068049171,-0.15334634254228746,-0.09211269176898129,-0.6637693484732337,0.23387952188587124,1.2684945912345396,-0.1203181204582439,0.1426410696306522,-0.4448760045885762,-0.2060622958120239,-0.3358112222870987,-0.2492854998199971,0.5968525857285797,0.7191128262198389,-0.07534062449367528,0.21116167870927066,-1.6606412230870558,0.4686272705202963,0.6724679397031854,0.16502958707812393,0.005340747914298647,-0.24465170926587454,0.7421069348226139,-0.7814574348810981,-0.3995773137004781,-0.13654030860371055,-0.03867754724217859,-0.10332724499091002,0.18516395393204746,-0.12380044397228904,-1.1590480947016712,-0.17441271828113744,0.03332280499545928,-0.39482709960139506,0.27406214076506974,0.3216557361198773,-0.3237780101702092,0.1852704704470661
0.06549896990378475,-0.0007886423315081256,-0.05524982318679215,-0.00021283972721975603,0.19445293113281023,-0.02078210603766114,0.3037518039149291,-0.13447864255184055,-0.12668738915615974,-0.09657846806875775,0.5358136965227731,-0.06497480341594544,0.2707573024189772,0.1536577211612637,0.08781688247361061,0.40798643580722976,-0.11304865381706156,-0.7299038955476027,0.16583472292806198,-0.07001239643950051,0.27817470950000517,0.0951851678808075,0.21863769400760158,0.1593400706586324,-0.3244860124572912,-0.07534062449366605,0.5419770039584647,-0.16317943827565756,0.8642242206273766,-0.2683052646478918,-0.4018634359671553,-0.06388440521098733,0.053025510734432485,0.17721596901735726,-0.4241058719353742,0.4873726166253789,0.20746960017010468,0.055854500053481915,0.012900481966929257,0.027919222295102207,-0.0409200955968958,0.11304972565516237,0.6172404026351118,0.044468500618871004,-0.014380182818980555,0.23711774574427535,-0.1694862379961323,-0.18996451004848325,0.22191771454837145,-0.01718199369011003
-0.03819974796852739,-0.11002029190629656,0.09190584821792447,0.06003417255468644,-0.2163288774654493,0.1732021029810256,-0.49613753969817265,0.3843627941033666,0.30225543868268395,0.13743851120817796,-0.8824105998029405,0.14957326650950972,-0.5223746777868931,-0.25529917019955306,-0.13098108659717694,-0.7082186881158566,0.2755602191372453,1.4571345413671877,-0.27936388318064276,0.10344533655758835,-0.528297872351056,-0.2690918410359946,-0.3590241425027979,-0.3431824732657647,0.6537149378181256,0.21116167870922492,-0.16317943827563716,0.7263021020970075,-1.869615887919854,0.5306319269765658,0.8431401816754425,0.1782627952103224,0.06828089746927869,-0.36695363711453144,0.8438339398830083,-0.9825283155922863,-0.4072105447265262,-0.12105531232718203,-0.01141486938498254,0.023811192966656874,0.20947434701942846,-0.20851124949240107,-1.309103953867942,-0.11156752002474053,0.025797413756877163,-0.3506218627093987,0.16065559098143273,0.36962613854881815,-0.4146296203175278,0.17851379568300796
0.2634566617312412,0.6848090378692424,-0.8622961883501792,-0.276215844957953,2.151413426980973,-0.8847098308574963,3.7553304090249773,-2.0349405015895314,-1.5803588863826148,-0.7898423022315195,5.634781692175782,-0.8944744839986557,3.472187615403757,1.7565511047809073,0.5583047290749205,4.8579579725919135,-1.846279292675967,-9.369684009975042,1.4338171901384364,-0.49970149471191516,3.4838014242068462,1.9752623562877392,2.246575522263975,1.8911674346251877,-4.0548839254459255,-1.6606412230871626,0.864224220627517,-1.869615887920319,12.828735269627273,-3.569584936924451,-5.309232352186345,-1.0182452931599772,-0.25676947834648634,2.2616079361518757,-5.498614429122322,6.026855166335584,2.8306976273787123,0.7787521706510838,0.05860072908397851,0.07258927648598322,-0.9006203123752523,1.1508681621057697,8.37955680839263,1.093022274911,0.10734988807113721,2.730192601383891,-1.6908472347383976,-2.195414967925216,2.5109603797285507,-1.0128460741318333
-0.06722874685518065,-0.19127339961485407,0.3214634855780796,0.03529555188542874,-0.6357243396344857,0.19079438558458897,-1.0816053918807473,0.6348939948042461,0.4703612592333603,0.21262298706892618,-1.6403781632261907,0.36797179767494786,-1.0439914305090223,-0.46299689020389445,-0.12710679017934978,-1.3312437356973594,0.52198000272324,2.771254703975329,-0.41535454019776064,0.15057741777748662,-1.0241301803200253,-0.6338148735688124,-0.6477145625882335,-0.5720714527472818,1.1852666631909647,0.4686272705203241,-0.26830526464793164,0.530631926976692,-3.5695849369244628,1.4489267819730716,1.5688774859371895,0.3146431547914895,0.13889197854947447,-0.6591903216939493,1.6407401766390344,-1.6541607873889304,-0.8190337379414934,-0.2622869576526484,0.03866941458694803,-0.0009055351894997274,0.2913257808642234,-0.3173906808935316,-2.4192172814689568,-0.22570521483345535,-0.030969377872783643,-0.7815651621492741,0.5005915724919363,0.6625490245035874,-0.7493820460382608,0.35478392145809917
-0.09518331386867208,-0.2731891502579118,0.44343462819676416,0.09389370813646455,-0.9032931285321557,0.3957973406451689,-1.5716247732759756,0.8579911665676334,0.7562637485262185,0.3079436781463445,-2.4022549962210267,0.3716754795421925,-1.5462526043861173,-0.786861962356095,-0.24544849269857477,-2.1135002964399523,0.8103503466408912,4.152115458811847,-0.5825614124772851,0.20549154392872343,-1.4301150313548567,-0.9479363179290035,-0.9299447717387013,-0.8213594913912493,1.8751657197563316,0.672467939703283,-0.40186343596725876,0.8431401816757136,-5.309232352186734,1.568877485937297,2.829975605211009,0.4585732766645012,0.07576192067393078,-1.0014522010442173,2.4111431383113273,-2.6187863924432544,-1.268709269902426,-0.38035312981361674,-0.037563345310130836,-0.0208997137460169,0.48534027901344134,-0.5230423680217704,-3.673600945455772,-0.4220679819958716,-0.006284948460271611,-1.165852743208712,0.7917166589530565,1.0150762010468584,-1.2026067443155846,0.46865015348252437
-0.05190797573092873,-0.03649793191283441,0.11595633092901834,0.012357810691350307,-0.1912309971036726,0.1568014593620239,-0.33975920671440973,0.2569482088394747,0.10280616333447175,0.08424763212763951,-0.4525980802747425,0.09425533740901698,-0.2545006534262945,-0.08783038655811684,-0.027132028147456536,-0.4593474779882815,0.21947687364233037,0.8030946328802695,-0.1317984938517073,-0.025876433827286112,-0.281463451802761,-0.18005469694053874,-0.190119223871492,-0.18606072315286107,0.35696810591183475,0.1650295870781406,-0.06388440521100422,0.17826279521037572,-1.0182452931600061,0.31464315479149596,0.45857327666447134,0.44537838636156074,0.029194164049816004,-0.21915131239631724,0.4756146000004404,-0.558757370684848,-0.24513249002280954,-0.05587088683616378,-0.026733420829331944,0.01761895669748895,0.07643038678905462,-0.08677976193582457,-0.7464888704647241,-0.0919074297468481,0.05387161693709404,-0.25869978076994704,0.1868052176331698,0.3273632823448727,-0.2499304304350452,0.15745695201182758
0.003277848153675034,-0.02206696851235387,0.033153269692838945,-0.0252199166465161,-0.041599214368025876,0.05471435545774476,-0.08779854502697662,-0.005268452689940797,0.06433903970752797,0.09490157934969844,-0.13332321207589368,0.08631814856606991,-0.12048100322293008,-0.05279175311775634,-0.02098352744060086,-0.1429634968874241,0.08738107589647726,0.24179992414302934,-0.03602951385008973,0.021531544462162003,-0.06448422817509261,-0.040268826342400366,-0.059382633261368965,0.03221130315604576,0.1879420423915341,0.0053407479142792945,0.05302551073444525,0.06828089746926296,-0.2567694783463352,0.1388919785494348,0.07576192067385505,0.029194164049798788,0.4775089356547915,-0.02681164039945746,0.1590562618093222,-0.14100684380716758,-0.07513396136948051,0.0081976049746152,-0.0776792785846381,-0.0010107226126118282,0.004497012151156261,-0.015047303068359575,-0.16329809665310593,-0.008124516525631014,-0.043822631858944125,-0.030174628489939667,0.06852819774516734,0.0835181559133246,-0.06856986692088844,-0.0014241911207022655
0.023611492575443246,0.1025983522224917,-0.17856413627028372,-0.03330332237600384,0.42472351866110136,-0.16072336612512939,0.6771230321702106,-0.3744871685431687,-0.31774823546101727,-0.09618943885894679,0.9639281672890541,-0.12166863769055794,0.6798662123714742,0.32899432198076284,0.08753454875250317,0.9597452960042298,-0.42001179328551064,-1.73668349763444,0.24831552910831767,-0.1061715545291576,0.675868607074186,0.2922334532735592,0.45897630914541826,0.37611442547317914,-0.7247523813102374,-0.24465170926588664,0.17721596901737974,-0.36695363711460327,2.2616079361518753,-0.6591903216939511,-1.0014522010441471,-0.21915131239631147,-0.026811640399480023,0.8968768719373695,-0.9841231427769564,1.1256229040628385,0.5302645748473059,0.17150222431519954,0.01675030114075987,0.046063770187495925,-0.14002519547120676,0.1930700318162795,1.5864426372896168,0.20907663405079546,0.0885013957078927,0.49570698494936843,-0.3284575517484521,-0.33684204572265103,0.49639132652510365,-0.17794161716231746
-0.14551208857987727,-0.23924246381059108,0.4539061589101461,0.1910459619650192,-0.983487687224269,0.34820297503049596,-1.6142498023874563,0.8691988239704297,0.7111859435035821,0.3361801394553079,-2.4949347618667796,0.4061256302961183,-1.5439504249213327,-0.8036962676482976,-0.20276559146272996,-2.1200622768148194,0.7996921710072995,4.242953445642586,-0.5889892541242301,0.2833187346689289,-1.5711542289497327,-0.8949978627042223,-0.9786042480452145,-0.7992678120136203,1.8734770151813218,0.7421069348226647,-0.4241058719354418,0.8438339398832255,-5.4986144291223304,1.6407401766390288,2.411143138311151,0.47561460000043027,0.15905626180939234,-0.9841231427769571,2.897476718836936,-2.7107950429412213,-1.2784800410748787,-0.2452009026497012,-0.09151986828829489,-0.02258602411881139,0.4582495431168354,-0.5610708536044315,-3.7182505349661823,-0.5162592271206845,-0.07187547021331386,-1.1820515039677695,0.701157704999275,1.1455892512414259,-1.0644346836980205,0.4217730036449024
0.11976606261997699,0.30628647555167154,-0.38091103143620064,-0.08583221525528209,1.0513179640235026,-0.4291181004078439,1.9073688214697233,-0.9698919210168856,-0.8290516599448797,-0.37753167778590274,2.71458037793818,-0.44500718348234236,1.7287375291008533,0.8627480595555536,0.2495175619336042,2.4082850808240552,-0.8788935651888466,-4.607609908079039,0.6633778276674827,-0.20947948713852427,1.7017162739368987,0.9927377068539955,1.0542341490672613,0.9403032826386262,-2.087507499713819,-0.7814574348811054,0.4873726166254191,-0.9825283155924871,6.026855166335123,-1.6541607873887991,-2.6187863924428334,-0.5587573706847853,-0.14100684380725212,1.1256229040627754,-2.710795042940997,3.404216213821358,1.397597327482865,0.4222271182749671,-0.0008472259179603259,0.014858902808023808,-0.45886244305282997,0.602499363799079,4.098589427697468,0.5672861552230128,0.07974978804105537,1.3913529839175882,-0.8914193401741259,-1.0138604958482356,1.2910229319626796,-0.4867691232405934
0.056697428237172776,0.15585732378352718,-0.19125773029299487,-0.035832982005432515,0.5341548771098802,-0.19076871036615733,0.8288259336126746,-0.43552397125095865,-0.29446770683432744,-0.20200914814626383,1.3495713022296785,-0.2035297789763442,0.8397027465210926,0.37634658414099703,0.10609931529780323,1.181966620233767,-0.37483736016774905,-2.198277490092216,0.41111911008595525,-0.15879635593062094,0.8304997542225493,0.49526920777824784,0.5395381729957316,0.3971667813375658,-0.9517269115197157,-0.39957731370047184,0.20746960017011934,-0.40721054472662604,2.8306976273783575,-0.8190337379413948,-1.2687092699021556,-0.2451324900227623,-0.07513396136952814,0.5302645748472614,-1.2784800410747057,1.3975973274828037,1.166472054403436,0.15893513980382656,-0.015618964609574543,-0.004223169830179835,-0.2150970411614102,0.3234989908069312,1.9779627597625014,0.23760591068293185,0.01154493102272236,0.5962624335941568,-0.325914316821229,-0.5402355022317354,0.671120237228472,-0.15745779816190175
0.01899269075243286,0.03163540771243437,0.0031138949619166564,0.02593849563893865,0.11324361678163257,-0.043454388729986394,0.20952426300126334,-0.10389076935559516,-0.10398931302977481,-0.016334940897663387,0.3485597911213116,-0.026692864722663075,0.20383627156334297,0.07575824298434385,0.08210671483721145,0.2905419603794414,-0.035779293361375,-0.5177178546584882,0.1052146308110356,-0.020284449544669444,0.23639478129343508,0.19943307542972116,0.1301146925341351,0.19987470335492422,-0.2896228855835524,-0.13654030860375999,0.05585450005352202,-0.12105531232725283,0.778752170651455,-0.26228695765274873,-0.380353129813767,-0.055870886836203885,0.008197604974605793,0.1715022243152532,-0.24520090264987704,0.42222711827520276,0.15893513980396212,0.4818880849165979,0.0527827381091906,0.020930399731083085,-0.09668747869747837,0.033710650877554774,0.4191025142112124,0.01585322704382854,-0.01759901976480502,0.16113565982937578,-0.08261219498043065,-0.07840320583879837,0.18732059785513946,-0.015363036274337296
0.013884987236558153,0.060636655814373816,-0.02784307190549304,-0.025089423674369442,0.013802200427514774,0.08302355560813417,0.0690932868628792,0.05631223222247775,-0.005755411805716039,0.050231329051090824,0.028917327941905456,0.10174579692288362,0.025545159877319333,0.04021603582866677,0.022166089477425113,0.048607334104718236,0.06494628198646164,-0.04878033710144753,0.05319251896932149,0.008735464055204107,0.04821533105339963,0.013064873389959398,-0.001026772175226157,-0.012728955231711858,0.024512257475566956,-0.03867754724218654,0.012900481966935662,-0.011414869384985728,0.05860072908408895,0.03866941458691554,-0.03756334531018697,-0.026733420829344573,-0.07767927858463285,0.016750301140776143,-0.09151986828834893,-0.0008472259179125863,-0.015618964609554403,0.05278273810920915,0.4664048659484873,0.029522457481793118,-0.04299662399771812,-0.01182654336225576,0.06385387821622662,0.013472630398855696,-0.06451942424727483,-0.020973195051390774,-0.028550576948993184,-0.0043292613721938825,0.0058333073271486634,-0.02872778262431626
-0.03392679441608033,0.032455036025731104,-0.003226785093103592,-0.01310873544393548,0.019104280304304794,-0.03874519281129094,-0.07039680242928201,0.04319848063272617,-0.012439675459976925,0.027855630568540728,0.044636963789517606,0.04728517792460288,0.051320934228215265,-0.004029421550932563,0.0682684144945682,0.04767094865858225,-0.0410536652853771,-0.011931097026499013,-0.013465773483745938,0.0203454739832675,-0.033471515940257233,0.0013648300901207533,0.09681083291408794,0.06517306227607046,-0.022645100157243254,-0.10332724499090364,0.02791922229510301,0.023811192966658488,0.0725892764859622,-0.0009055351894941908,-0.020899713746005275,0.017618956697486855,-0.0010107226126096181,0.04606377018748995,-0.02258602411880135,0.01485890280801859,-0.0042231698301814806,0.0209303997310803,0.02952245748178977,0.5389112628829695,0.02267962660861002,0.004251016911038465,0.022133932326208052,0.01963452908933295,-0.035713904611397986,0.09421397916812918,0.05552711451579528,0.022451233844331214,0.036563565218102556,0.00963775686513189
0.05689984871580229,-0.05507337221616295,0.09737706971337502,0.05148486905562917,-0.15841078915975298,-0.005376886754161477,-0.22933667627733628,0.16011314011867855,0.06417394652561358,0.022625223312235022,-0.4235552444105331,0.0707395558562078,-0.24811158187798155,-0.09371336985249898,-0.06486548643317155,-0.294325352631135,0.1546032433336187,0.6583906187058528,-0.19613675363548155,0.02643786936586165,-0.2672034571369388,-0.1037917132064275,-0.17690010460356115,-0.09450002150142145,0.35621507062231333,0.1851639539320235,-0.040920095596886544,0.2094743470194334,-0.900620312375009,0.29132578086415534,0.48534027901330434,0.07643038678902814,0.004497012151167308,-0.14002519547116796,0.45824954311671995,-0.45886244305273727,-0.21509704116136907,-0.09668747869743738,-0.0429966239977142,0.02267962660860828,0.6083118065642578,-0.11916491089635853,-0.566898994198358,-0.09446399873169584,0.005003155764802314,-0.20482938083664812,0.09213181763980545,0.1861833790250067,-0.22618712016943365,0.11065263337207179
0.02242399878393775,0.09958654080012862,-0.127688460112733,-0.008208415611182164,0.26979772837752536,-0.16793138006734645,0.396490785658015,-0.23493650066688399,-0.13664740589124424,-0.0871918979296081,0.5574965706709806,-0.00856556484243255,0.45780173664351015,0.24477687666809092,0.09047584520490215,0.5395448901588994,-0.1835617800769098,-0.9373001237410402,0.13867636874869677,-0.058944187063552006,0.3644273219914422,0.27185107951164994,0.21964402385000875,0.21348313773176084,-0.4113782472838192,-0.1238004439722957,0.11304972565517482,-0.2085112494924444,1.1508681621057453,-0.3173906808935251,-0.523042368021723,-0.08677976193581848,-0.015047303068374587,0.19307003181627813,-0.5610708536044197,0.6024993637991082,0.32349899080695466,0.03371065087751893,-0.011826543362264103,0.004251016911041983,-0.1191649108963794,0.5190740017478984,0.7945015954538232,0.12112755854945474,0.04890457222183239,0.23849900547575315,-0.0812943970167052,-0.2343432022371121,0.3275145841335206,-0.09109879719365256
0.23228118675412746,0.44689821609618796,-0.6067266109109986,-0.16884694068433986,1.5631048441610782,-0.6014477057423748,2.5776365632375198,-1.378612449719845,-1.1179368425309693,-0.5037218128911348,3.8170103531739166,-0.6193842243203006,2.319327687716784,1.2318993261055677,0.3412505713524974,3.33191702043011,-1.2419805936303925,-6.488212511663875,1.069975158807032,-0.2573209485679001,2.357108268054919,1.385720314782172,1.5697999971996002,1.3345707649018088,-2.8511837214655755,-1.1590480947016693,0.6172404026351591,-1.3091039538681801,8.379556808392065,-2.419217281468801,-3.673600945455248,-0.7464888704646447,-0.16329809665320527,1.5864426372895375,-3.7182505349659136,4.098589427697451,1.9779627597625522,0.4191025142109406,0.06385387821617272,0.022133932326226093,-0.5668989941984728,0.794501595453784,6.298539184608987,0.7850132668259586,0.09204957152154392,1.8687400400604521,-1.2268530638548314,-1.5725326870984198,1.7063922425648639,-0.6284329675005031
0.02544104856050907,0.11398666106590155,-0.1419896424062077,-0.04923128692704118,0.17706682249276054,-0.04418845971632526,0.3664600413106816,-0.20941802915944702,-0.12026260210047662,-0.09728800244898327,0.4442523746984628,-0.05116997068861065,0.34140957242786146,0.16880234847686837,0.03356702164899096,0.4413836785064109,-0.15667656947664887,-0.8127547508133857,0.21729794486992937,-0.0058694842468689015,0.36801016021068966,0.16734730606694181,0.18224177201241704,0.13973620484305505,-0.36194066232422645,-0.17441271828112312,0.04446850061886645,-0.11156752002475023,1.093022274910835,-0.22570521483340603,-0.4220679819957679,-0.09190742974682839,-0.008124516525638573,0.20907663405076465,-0.5162592271206071,0.5672861552229616,0.23760591068291564,0.01585322704379167,0.013472630398848495,0.019634529089332463,-0.09446399873170394,0.12112755854944098,0.7850132668258869,0.6172443459161755,0.026377957237499278,0.33558169022474094,-0.16756291175957563,-0.23959411302080777,0.2786883160515633,-0.05275390577662031
-0.03108932205471808,-0.057719773509056216,0.05316042146522901,0.028165550857643478,0.022886008178806636,0.02247413177217683,0.0068726271778327625,0.058982140867411395,-0.003743084576693279,-0.028767388464846482,0.07342485913486516,-0.034800496449813034,0.03561163847642754,0.09579659160596038,-0.042076227320682794,0.07525312134618627,0.05980212020558534,-0.09419528334137274,0.019803763849642133,-0.02438725491214517,0.007916986825924104,0.056269913947188464,0.033304718574667116,0.013782267195583914,-0.03721834046237965,0.033322804995404666,-0.014380182818939751,0.025797413756825205,0.10734988807166149,-0.030969377872928208,-0.0062849484605245025,0.05387161693703872,-0.04382263185893907,0.08850139570797028,-0.07187547021356173,0.07974978804133025,0.011544931022864552,-0.017599019764758826,-0.06451942424728495,-0.03571390461139305,0.005003155764765822,0.0489045722218798,0.09204957152186426,0.02637795723753565,0.48514276392500566,0.05334014430913164,0.011982491657212168,-0.03582293897760245,0.09877739742801,0.025614124389775714
0.07448696907543437,0.23362327844766684,-0.19253270274827555,-0.016258724598659693,0.5205420445953797,-0.16631566291047378,0.8804611621981928,-0.4484808946681922,-0.3276189087196316,-0.16155653640490822,1.2989409392983748,-0.18135419595492683,0.7761272110625831,0.41559371832225545,0.05742121832782382,1.0253511022744453,-0.40482139763348146,-2.137444363414561,0.31568973666427613,-0.18906146708735833,0.7429559275084818,0.39537735506136684,0.5395853240647366,0.44939641265643016,-0.885486145209909,-0.39482709960138734,0.23711774574428568,-0.3506218627094766,2.730192601383609,-0.7815651621491937,-1.1658527432084895,-0.25869978076990985,-0.030174628489976554,0.49570698494932525,-1.1820515039676356,1.3913529839175462,0.5962624335941593,0.16113565982926853,-0.02097319505141068,0.09421397916813497,-0.20482938083668528,0.23849900547573247,1.8687400400604082,0.33558169022475864,0.05334014430900946,1.0525627683457752,-0.3204208502956211,-0.47592461174592515,0.5666176445081405,-0.2563091973630136
-0.006897474172658465,-0.08830663361085331,0.21116294728334642,0.011535709424856683,-0.20723389093404093,0.14317706246061518,-0.571861777480629,0.3341824888167087,0.20915084622438987,0.1264456514841312,-0.7254406342641015,0.15365908039555948,-0.47240214821439813,-0.2135872142594331,-0.06682221906261959,-0.676559154006651,0.2802095186206185,1.2723521189319489,-0.26888584929993753,0.060891106917209725,-0.4230358628827722,-0.2604467030545172,-0.3081583240281508,-0.1828575281177309,0.6419545922228718,0.2740621407650884,-0.16948623799615867,0.16065559098150078,-1.6908472347384889,0.5005915724919595,0.7917166589530471,0.18680521763317745,0.06852819774518507,-0.32845755174846275,0.7011577049993181,-0.8914193401742354,-0.32591431682129907,-0.0826121949803921,-0.028550576948975684,0.05552711451578969,0.09213181763984316,-0.08129439701671483,-1.2268530638549553,-0.1675629117596044,0.011982491657284211,-0.32042085029567946,0.7523793675167845,0.2697175879594139,-0.37702507590139855,0.11980264391959813
-0.0683062813791149,-0.005138351944581898,0.12313164822492607,-0.033540739007792156,-0.4151875250010571,0.1678619990030231,-0.689643663448674,0.3949383630187688,0.25092325629858636,0.13319321171128465,-1.0103776976204177,0.11352157567902349,-0.611443795313411,-0.3414441061889228,-0.10547578615429418,-0.9340767619730114,0.37028283362356307,1.7341265807687816,-0.27790261649801395,0.0660333734680669,-0.6375918968505029,-0.3729905392752975,-0.42489612797039417,-0.3734216738051154,0.7278423840256988,0.3216557361199341,-0.18996451004853604,0.36962613854894555,-2.1954149679255086,0.6625490245036647,1.0150762010469165,0.32736328234489986,0.08351815591335385,-0.33684204572269444,1.1455892512415613,-1.0138604958484894,-0.540235502231895,-0.07840320583874055,-0.004329261372162718,0.022451233844327012,0.1861833790250773,-0.23434320223714356,-1.572532687098719,-0.23959411302086148,-0.03582293897748756,-0.4759246117460528,0.2697175879594303,0.9272043195242454,-0.4101024828114205,0.145618177370882
0.051367700971087366,0.18715785162260726,-0.23534267753264437,-0.05343403675945391,0.40961185664426586,-0.1465988247841889,0.783724279995767,-0.43348299579631583,-0.31160827049826617,-0.15304891179061014,1.0942499480019456,-0.1425446214433662,0.7820636190092164,0.333446601271396,0.19450856162631913,0.9749270230258127,-0.32241279306584236,-1.9796251869536576,0.3436235332325058,-0.1155489768462198,0.7244717524626406,0.4722711498172407,0.46312296907643363,0.37092072412100224,-0.8422499296947162,-0.3237780101702444,0.2219177145484102,-0.41462962031763645,2.5109603797286706,-0.7493820460382958,-1.2026067443155557,-0.24993043043504826,-0.06856986692091943,0.4963913265251253,-1.0644346836980745,1.2910229319628268,0.6711202372285676,0.18732059785507457,0.005833307327127335,0.03656356521810718,-0.22618712016949225,0.32751458413353485,1.7063922425650528,0.27868831605160677,0.09877739742790811,0.5666176445082273,-0.377025075901399,-0.41010248281138695,0.9692360430583821,-0.2015797438095248
-0.033767885530816506,-0.053004177895099376,0.15750356171524535,0.07244505864643944,-0.155665042996731,0.050782392772053084,-0.3451410142157749,0.18235245702051878,0.13409528583801728,0.02371183522019386,-0.49744638291404314,0.1350805968150927,-0.3404259779542512,-0.12920959400539667,0.060253891702047174,-0.4107712005418587,0.11786353764037877,0.8146124158781506,-0.08813777297240706,-0.014976093197485559,-0.2573171736479571,-0.18893296928932662,-0.19695075097156342,-0.17758981209516253,0.32466141755522987,0.185270470447092,-0.017181993690130792,0.17851379568306142,-1.012846074131953,0.3547839214581304,0.4686501534825458,0.15745695201183435,-0.0014241911206880672,-0.1779416171623363,0.42177300364495707,-0.48676912324069366,-0.1574577981619648,-0.015363036274313301,-0.028727782624304518,0.009637756865130572,0.11065263337210524,-0.09109879719366663,-0.628432967500631,-0.052753905776642934,0.025614124389820025,-0.2563091973630681,0.11980264391960824,0.14561817737087868,-0.20157974380953742,0.5226561443738673
